Review,Label
"This product is amazing!",Good
"Worst purchase ever, broke in 2 days!",Bad
"Excellent quality, will buy again.",Good
"Not worth the money.",Bad
"Very satisfied with the performance.",Good
"The item arrived damaged.",Bad
"Absolutely love this product!",Good
"Terrible experience, do not recommend.",Bad
"Works perfectly as described.",Good
"Stopped working after a week.",Bad
"High quality and fast delivery.",Good
"Completely useless product.",Bad
"Exceeded my expectations.",Good
"Poor build quality.",Bad
"Really happy with this purchase.",Good
"Customer service was very bad.",Bad
"Great value for the price.",Good
"Waste of money.",Bad
"Superb design and durability.",Good
"Not satisfied at all.",Bad
"Easy to use and reliable.",Good
"Extremely disappointing.",Bad
"Fantastic performance!",Good
"It broke on the first use.",Bad
"Very comfortable and stylish.",Good
"Cheap materials used.",Bad
"Five stars, highly recommended.",Good
"Does not work as advertised.",Bad
"Excellent product for daily use.",Good
"Regret buying this.",Bad
"Top-notch quality.",Good
"Battery drains very fast.",Bad
"Impressive and efficient.",Good
"Overpriced for what it offers.",Bad
"Smooth operation and good finish.",Good
"Feels very fragile.",Bad
"Perfect for my needs.",Good
"Not durable at all.",Bad
"Love the design and color.",Good
"Stopped functioning suddenly.",Bad
"Very reliable product.",Good
"Poor packaging and quality.",Bad
"Highly satisfied customer.",Good
"Not user-friendly.",Bad
"Great performance for the price.",Good
"Failed after a few uses.",Bad
"Build quality is excellent.",Good
"Terrible build and finish.",Bad
"Very useful and practical.",Good
"Didn't meet my expectations.",Bad
"Solid product, well made.",Good
"Bad experience overall.",Bad
"Absolutely worth buying.",Good
"Defective piece received.",Bad
"Great customer support.",Good
"No response from seller.",Bad
"Product quality is outstanding.",Good
"Cheap and unreliable.",Bad
"Very happy with the purchase.",Good
"Not worth even half the price.",Bad
"Easy setup and great results.",Good
"Instructions were confusing.",Bad
"Highly durable and strong.",Good
"Cracked within days.",Bad
"Good performance and quality.",Good
"Feels like a scam.",Bad
"Amazing experience using this.",Good
"Poor performance.",Bad
"Reliable and efficient product.",Good
"Constant issues while using.",Bad
"Totally satisfied.",Good
"Would not buy again.",Bad
"Well designed and functional.",Good
"Doesn't last long.",Bad
"Excellent value for money.",Good
"Very low quality.",Bad
"Smooth and flawless operation.",Good
"Product arrived late and broken.",Bad
"One of the best products I bought.",Good
"Extremely poor experience.",Bad
"Good quality and fast service.",Good
"Stopped working randomly.",Bad
"Impressive quality overall.",Good
"Very disappointed with this.",Bad
"Works exactly as expected.",Good
"Low-grade materials used.",Bad
"Great purchase decision.",Good
"Total waste of time.",Bad
"Outstanding product quality.",Good
"Not recommended at all.",Bad
"Very pleased with the results.",Good
"Breaks easily.",Bad
"Excellent build and performance.",Good
"Completely dissatisfied.",Bad
"Good investment.",Good
"Bad product experience.",Bad
"Highly reliable and efficient.",Good
"Fails to deliver promised quality.",Bad
